id,fre
0,0
1,1
2,12
3,2
4,124
5,1
6,2
7,46
8,5
9,168
10,10
11,4
12,9
13,15
14,29
15,239
16,62
17,9
18,2
19,20
20,14
21,108
22,8
23,29
24,82
25,174
26,52
27,41
28,19
29,53
30,22
31,70
32,13
33,0
34,4
35,65
36,9
37,5
38,2
39,21
40,1
41,8
42,131
43,12
44,46
45,144
46,60
47,103
48,37
49,201
50,31
51,55
52,119
53,6
54,3
55,11
56,110
57,129
58,83
59,13
60,22
61,1
62,3
63,8
64,1
65,1
66,1
67,31
68,43
69,2
70,3
71,3
72,8
73,28
74,33
75,4
76,3
77,1
78,1
79,41
80,3
81,2
82,2
83,6
84,3
85,2
86,1
87,4
88,5
89,9
90,41
91,1
92,10
93,3
94,7
95,16
96,6
97,22
98,5
99,2
100,2
101,38
102,43
103,43
104,3
105,25
106,17
107,13
108,68
109,5
110,29
111,75
112,11
113,11
114,2
115,3
116,6
117,4
118,21
119,9
120,2
121,11
122,6
123,4
124,47
125,66
126,2
127,38
128,52
129,28
130,62
131,4
132,34
133,105
134,6
135,28
136,3
137,8
138,61
139,28
140,18
141,0
142,117
143,11
144,10
145,2
146,126
147,35
148,3
149,10
150,89
151,4
152,26
153,7
154,3
155,4
156,84
157,1
158,3
159,108
160,32
161,9
162,7
163,16
164,18
165,32
166,5
167,116
168,15
169,6
170,3
171,4
172,18
173,2
174,135
175,135
176,138
177,81
178,31
179,2
180,45
181,10
182,17
183,63
184,1
185,56
186,27
187,32
188,94
189,6
190,1
191,38
192,8
193,27
194,205
195,9
196,12
197,51
198,3
199,79
200,68
201,147
202,0
203,63
204,1
205,1
206,0
207,2
208,1
209,1
210,6
211,18
212,40
213,67
214,8
215,3
216,2
217,7
218,43
219,0
220,5
221,19
222,10
223,12
224,17
225,31
226,12
227,21
228,5
229,2
230,1
231,24
232,3
233,119
234,7
235,13
236,2
237,12
238,1
239,27
240,3
241,16
242,21
243,3
244,0
245,2
246,14
247,30
248,64
249,1
250,2
251,3
252,63
253,2
254,3
255,4
256,161
257,40
258,37
259,2
260,45
261,11
262,6
263,1
264,26
265,66
266,45
267,17
268,36
269,26
270,124
271,27
272,15
273,7
274,5
275,6
276,131
277,35
278,90
279,3
280,33
281,6
282,3
283,9
284,70
285,5
286,2
287,5
288,58
289,8
290,81
291,2
292,48
293,31
294,61
295,6
296,1
297,3
298,59
299,38
300,120
301,51
302,32
303,26
304,60
305,0
306,13
307,27
308,0
309,10
310,1
311,0
312,22
313,86
314,12
315,3
316,31
317,88
318,0
319,20
320,3
321,1
322,13
323,26
324,0
325,486
326,72
327,186
328,6
329,29
330,4
331,34
332,2
333,38
334,11
335,1
336,15
337,16
338,14
339,18
340,1
341,47
342,28
343,36
344,39
345,22
346,138
347,21
348,1
349,2
350,0
351,2
352,27
353,14
354,17
355,33
356,1
357,3
358,1
359,1
360,17
361,7
362,17
363,11
364,37
365,261
366,88
367,17
368,4
369,16
370,1
371,1
372,1
373,11
374,0
375,1
376,32
377,40
378,1
379,71
380,3
381,7
382,4
383,28
384,26
385,289
386,30
387,87
388,10
389,48
390,48
391,33
392,55
393,115
394,121
395,83
396,5
397,8
398,287
399,2
400,267
401,6
402,314
403,4
404,15
405,11
406,45
407,32
408,40
409,200
410,30
411,1
412,65
413,90
414,63
415,8
416,26
417,0
418,6
419,410
420,2
421,1
422,62
423,3
424,86
425,13
426,241
427,7
428,24
429,2
430,4
431,123
432,0
433,75
434,384
435,15
436,46
437,21
438,1
439,10
440,284
441,152
442,365
443,62
444,15
445,4
446,0
447,10
448,37
449,2
450,2
451,32
452,0
453,6
454,8
455,4
456,4
457,26
458,17
459,23
460,67
461,64
462,10
463,1
464,2
465,9
466,6
467,29
468,1
469,2
470,1
471,0
472,152
473,119
474,1
475,1
476,1
477,2
478,8
479,1
480,1
481,49
482,1
483,1
484,22
485,1
486,82
487,2
488,1
489,4
490,90
491,26
492,1
493,6
494,1
495,3
496,2
497,8
498,1
499,3
500,1
501,1
502,5
503,2
504,1
505,0
506,0
507,1
508,1
509,3
510,7
511,2
512,6
513,23
514,4
515,19
516,16
517,2
518,8
519,9
520,3
521,3
522,45
523,1
524,3
525,1
526,1
527,27
528,3
529,21
530,11
531,52
532,0
533,436
534,6
535,51
536,51
537,52
538,29
539,69
540,18
541,107
542,70
543,43
544,31
545,0
546,57
547,80
548,3
549,28
550,126
551,83
552,169
553,31
554,11
555,21
556,53
557,56
558,43
559,29
560,33
561,38
562,41
563,32
564,20
565,51
566,29
567,29
568,1
569,28
570,73
571,50
572,69
573,48
574,4
575,11
576,6
577,4
578,7
579,12
580,9
581,2
582,2
583,8
584,1
585,1
586,1
587,20
588,30
589,27
590,69
591,5
592,70
593,19
594,37
595,116
596,88
597,4
598,7
599,17
600,3
601,83
602,21
603,24
604,118
605,97
606,29
607,23
608,88
609,12
610,10
611,31
612,78
613,10
614,4
615,0
616,11
617,0
618,9
619,16
620,192
621,15
622,6
623,33
624,25
625,18
626,6
627,3
628,12
629,11
630,145
631,9
632,27
633,148
634,261
635,169
636,2
637,8
638,0
639,9
640,1
641,1
642,23
643,18
644,60
645,7
646,14
647,5
648,4
649,1
650,1
651,71
652,7
653,47
654,1
655,19
656,2
657,54
658,26
659,167
660,27
661,11
662,45
663,12
664,43
665,4
666,43
667,18
668,70
669,2
670,12
671,235
672,3
673,23
674,25
675,120
676,14
677,57
678,50
679,12
680,34
681,39
682,41
683,4
684,9
685,32
686,1
687,2
688,1
689,3
690,1
691,16
692,25
693,59
694,36
695,1
696,3
697,19
698,4
699,107
700,23
701,33
702,123
703,84
704,8
705,75
706,52
707,9
708,3
709,23
710,7
711,38
712,10
713,53
714,4
715,1
716,76
717,13
718,134
719,150
720,6
721,78
722,4
723,8
724,60
725,11
726,1
727,1
728,2
729,4
730,13
731,5
732,2
733,8
734,2
735,92
736,72
737,9
738,5
739,24
740,1
741,2
742,0
743,13
744,24
745,3
746,4
747,3
748,7
749,3
750,3
751,2
752,4
753,11
754,3
755,1
756,2
757,7
758,36
759,58
760,42
761,18
762,18
763,10
764,48
765,46
766,4
767,1
768,25
769,1
770,12
771,42
772,0
773,1
774,15
775,4
776,23
777,3
778,1
779,8
780,17
781,31
782,1
783,9
784,187
785,80
786,16
787,2
788,158
789,21
790,1
791,29
792,9
793,0
794,127
795,6
796,9
797,7
798,0
799,5
800,13
801,19
802,3
803,6
804,12
805,0
806,0
807,22
808,0
809,7
810,0
811,2
812,1
813,5
814,17
815,14
816,2
817,27
818,6
819,6
820,7
821,27
822,6
823,29
824,9
825,10
826,2
827,0
828,49
829,9
830,1
831,10
832,1
833,8
834,12
835,3
836,61
837,8
838,2
839,13
840,8
841,2
842,9
843,9
844,0
845,19
846,1
847,5
848,16
849,4
850,13
851,5
852,2
853,133
854,1
855,1
856,35
857,8
858,1
859,5
860,2
861,1
862,1
863,2
864,3
865,8
866,35
867,1
868,3
869,97
870,3
871,27
872,1
873,0
874,104
875,4
876,0
877,1
878,1
879,2
880,1
881,6
882,1
883,10
884,53
885,23
886,42
887,20
888,3
889,4
890,4
891,19
892,7
893,42
894,13
895,3
896,10
897,6
898,1
899,23
900,1
901,1
902,1
903,24
904,2
905,3
906,8
907,49
908,2
909,5
910,3
911,4
912,2
913,14
914,1
915,2
916,1
917,1
918,4
919,76
920,1
921,45
922,1
923,13
924,1
925,1
926,63
927,8
928,2
929,3
930,189
931,19
932,6
933,3
934,45
935,14
936,3
937,10
938,14
939,112
940,15
941,2
942,3
943,51
944,30
945,1
946,1
947,41
948,2
949,15
950,4
951,46
952,14
953,12
954,12
955,1
956,17
957,3
958,65
959,9
960,19
961,15
962,44
963,4
964,8
965,3
966,0
967,0
968,5
969,21
970,2
971,34
972,0
973,2
974,10
975,13
976,3
977,2
978,2
979,12
980,3
981,8
982,12
983,27
984,10
985,0
986,3
987,20
988,3
989,1
990,10
991,15
992,0
993,1
994,4
995,8
996,6
997,2
998,1
999,3
1000,1
1001,6
1002,21
1003,4
1004,18
1005,6
1006,15
1007,7
1008,8
1009,3
1010,17
1011,11
1012,13
1013,10
1014,8
1015,2
1016,12
1017,17
1018,5
1019,35
1020,7
1021,20
1022,8
1023,1
1024,9
1025,2
1026,16
1027,9
1028,4
1029,4
1030,3
1031,1
1032,1
1033,0
1034,36
1035,7
1036,11
1037,27
1038,1
1039,0
1040,1
1041,11
1042,1
1043,16
1044,30
1045,14
1046,0
1047,8
1048,4
1049,10
1050,2
1051,0
1052,2
1053,1
1054,34
1055,2
1056,12
1057,3
1058,70
1059,2
1060,1
1061,1
1062,0
1063,1
1064,4
1065,1
1066,3
1067,2
1068,12
1069,3
1070,15
1071,9
1072,9
1073,0
1074,2
1075,1
1076,0
1077,2
1078,3
1079,1
1080,27
1081,1
1082,10
1083,10
1084,7
1085,1
1086,4
1087,2
1088,2
1089,8
1090,4
1091,0
1092,2
1093,5
1094,6
1095,4
1096,7
1097,0
1098,2
1099,11
1100,7
1101,5
1102,33
1103,16
1104,5
1105,3
1106,40
1107,6
1108,8
1109,9
1110,9
1111,5
1112,29
1113,3
1114,1
1115,11
1116,0
1117,7
1118,1
1119,1
1120,6
1121,1
1122,1
1123,0
1124,7
1125,5
1126,23
1127,1
1128,0
1129,1
1130,11
1131,3
1132,1
1133,0
1134,6
1135,9
1136,8
1137,0
1138,9
1139,10
1140,2
1141,1
1142,4
1143,6
1144,0
1145,3
1146,5
1147,1
1148,71
1149,10
1150,15
1151,9
1152,10
1153,1
1154,20
1155,5
1156,3
1157,14
1158,0
1159,167
1160,7
1161,1
1162,3
1163,2
1164,1
1165,2
1166,32
1167,13
1168,8
1169,0
1170,1
1171,7
1172,18
1173,4
1174,5
1175,0
1176,4
1177,3
1178,4
1179,2
1180,1
1181,2
1182,8
1183,1
1184,24
1185,13
1186,13
1187,37
1188,2
1189,6
1190,3
1191,1
1192,5
1193,19
1194,14
1195,10
1196,16
1197,15
1198,21
1199,1
1200,17
1201,7
1202,5
1203,1
1204,0
1205,1
1206,31
1207,1
1208,11
1209,4
1210,18
1211,20
1212,2
1213,7
1214,0
1215,4
1216,14
1217,0
1218,11
1219,9
1220,11
1221,4
1222,0
1223,2
1224,0
1225,0
1226,0
1227,0
1228,1
1229,1
1230,2
1231,168
1232,1
1233,6
1234,1
1235,2
1236,2
1237,0
1238,5
1239,2
1240,11
1241,38
1242,1
1243,76
1244,0
1245,19
1246,0
1247,1
1248,1
1249,1
1250,1
1251,4
1252,1
1253,0
1254,71
1255,0
1256,14
1257,2
1258,4
1259,85
1260,15
1261,28
1262,1
1263,1
1264,0
1265,24
1266,3
1267,7
1268,3
1269,1
1270,0
1271,2
1272,4
1273,49
1274,11
1275,11
1276,1
1277,5
1278,1
1279,4
1280,15
1281,138
1282,2
1283,0
1284,0
1285,0
1286,2
1287,2
1288,29
1289,4
1290,28
1291,39
1292,54
1293,14
1294,8
1295,14
1296,5
1297,20
1298,50
1299,42
1300,46
1301,42
1302,32
1303,31
1304,3
1305,12
1306,38
1307,1
1308,63
1309,4
1310,11
1311,16
1312,0
1313,26
1314,7
1315,1
1316,19
1317,3
1318,3
1319,3
1320,13
1321,10
1322,5
1323,0
1324,18
1325,12
1326,6
1327,11
1328,57
1329,3
1330,24
1331,6
1332,80
1333,2
1334,29
1335,118
1336,86
1337,13
1338,261
1339,213
1340,203
1341,2
1342,80
1343,4
1344,130
1345,25
1346,29
1347,24
1348,2
1349,11
1350,29
1351,1
1352,5
1353,2
1354,10
1355,1
1356,14
1357,2
1358,11
1359,9
1360,47
1361,4
1362,8
1363,2
1364,29
1365,25
1366,0
1367,31
1368,22
1369,17
1370,39
1371,1
1372,16
1373,20
1374,3
1375,35
1376,2
1377,3
1378,4
1379,3
1380,13
1381,1
1382,6
1383,0
1384,1
1385,5
1386,2
1387,1
1388,2
1389,2
1390,3
1391,3
1392,4
1393,4
1394,2
1395,1
1396,0
1397,1
1398,4
1399,1
1400,6
1401,0
1402,7
1403,1
1404,4
1405,2
1406,2
1407,2
1408,4
1409,1
1410,241
1411,10
1412,1
1413,35
1414,31
1415,69
1416,1
1417,2
1418,13
1419,0
1420,1
1421,8
1422,27
1423,13
1424,1
1425,4
1426,0
1427,1
1428,13
1429,7
1430,2
1431,17
1432,10
1433,1
1434,1
1435,8
1436,1
1437,1
1438,6
1439,1
1440,1
1441,10
1442,7
1443,26
1444,1
1445,3
1446,2
1447,9
1448,2
1449,19
1450,3
1451,1
1452,7
1453,0
1454,1
1455,2
1456,3
1457,2
1458,2
1459,3
1460,2
1461,0
1462,1
1463,13
1464,23
1465,14
1466,1
1467,2
1468,23
1469,21
1470,6
1471,12
1472,1
1473,3
1474,1
1475,0
1476,4
1477,1
1478,2
1479,1
1480,1
1481,0
1482,1
1483,9
1484,1
1485,11
1486,5
1487,0
1488,9
1489,1
1490,2
1491,0
1492,5
1493,5
1494,2
1495,27
1496,3
1497,0
1498,2
1499,7
1500,20
1501,93
1502,8
1503,67
1504,39
1505,48
1506,87
1507,9
1508,24
1509,2
1510,10
1511,12
1512,0
1513,6
1514,9
1515,1
1516,5
1517,11
1518,6
1519,2
1520,6
1521,2
1522,8
1523,9
1524,11
1525,5
1526,5
1527,15
1528,2
1529,8
1530,7
1531,0
1532,5
1533,6
1534,23
1535,42
1536,27
1537,12
1538,4
1539,5
1540,2
1541,22
1542,35
1543,67
1544,16
1545,9
1546,16
1547,8
1548,3
1549,3
1550,11
1551,5
1552,16
1553,10
1554,23
1555,31
1556,39
1557,7
1558,19
1559,14
1560,18
1561,6
1562,25
1563,2
1564,40
1565,13
1566,15
1567,9
1568,66
1569,4
1570,11
1571,4
1572,19
1573,9
1574,19
1575,27
1576,9
1577,18
1578,10
1579,1
1580,12
1581,13
1582,1
1583,9
1584,4
1585,15
1586,16
1587,3
1588,9
1589,3
1590,2
1591,38
1592,50
1593,29
1594,22
1595,14
1596,1
1597,2
1598,20
1599,3
1600,26
1601,3
1602,3
1603,3
1604,6
1605,12
1606,75
1607,13
1608,5
1609,2
1610,1
1611,0
1612,0
1613,0
1614,1
1615,2
1616,0
1617,1
1618,0
1619,0
1620,2
1621,1
1622,10
1623,3
1624,13
1625,12
1626,16
1627,0
1628,38
1629,5
1630,11
1631,3
1632,2
1633,27
1634,20
1635,21
1636,59
1637,26
1638,17
1639,102
1640,4
1641,10
1642,0
1643,3
1644,3
1645,3
1646,0
1647,4
1648,1
1649,1
1650,3
1651,1
1652,139
1653,69
1654,21
1655,15
1656,12
1657,0
1658,3
1659,14
1660,3
1661,1
1662,1
1663,13
1664,3
1665,0
1666,12
1667,0
1668,3
1669,0
1670,1
1671,1
1672,0
1673,1
1674,6
1675,1
1676,32
1677,2
1678,11
1679,1
1680,0
1681,0
1682,30
1683,1
1684,8
1685,1
1686,19
1687,11
1688,22
1689,11
1690,35
1691,42
1692,8
1693,4
1694,46
1695,1
1696,1
1697,55
1698,2
1699,13
1700,15
1701,10
1702,16
1703,7
1704,7
1705,18
1706,9
1707,10
1708,2
1709,1
1710,7
1711,74
1712,17
1713,16
1714,3
1715,13
1716,71
1717,7
1718,25
1719,14
1720,8
1721,18
1722,9
1723,8
1724,12
1725,4
1726,0
1727,25
1728,2
1729,358
1730,43
1731,13
1732,28
1733,17
1734,47
1735,62
1736,39
1737,46
1738,25
1739,86
1740,23
1741,5
1742,55
1743,2
1744,9
1745,1
1746,2
1747,13
1748,2
1749,1
1750,0
1751,1
1752,1
1753,1
1754,2
1755,17
1756,0
1757,4
1758,1
1759,7
1760,72
1761,1
1762,0
1763,15
1764,0
1765,1
1766,1
1767,1
1768,1
1769,3
1770,0
1771,0
1772,1
1773,2
1774,4
1775,2
1776,2
1777,1
1778,19
1779,1
1780,10
1781,8
1782,4
1783,8
1784,22
1785,2
1786,2
1787,5
1788,34
1789,8
1790,2
1791,236
1792,2
1793,18
1794,3
1795,3
1796,23
1797,1
1798,0
1799,5
1800,1
1801,4
1802,2
1803,2
1804,1
1805,1
1806,5
1807,5
1808,8
1809,0
1810,8
1811,10
1812,1
1813,2
1814,1
1815,0
1816,10
1817,1
1818,24
1819,0
1820,1
1821,1
1822,11
1823,50
1824,0
1825,78
1826,39
1827,125
1828,53
1829,2
1830,69
1831,52
1832,25
1833,64
1834,40
1835,20
1836,72
1837,131
1838,20
1839,2
1840,68
1841,5
1842,2
1843,3
1844,6
1845,0
1846,1
1847,6
1848,3
1849,6
1850,10
1851,1
1852,2
1853,3
1854,5
1855,1
1856,1
1857,0
1858,4
1859,1
1860,4
1861,1
1862,29
1863,2
1864,7
1865,11
1866,29
1867,49
1868,135
1869,78
1870,7
1871,16
1872,43
1873,19
1874,24
1875,11
1876,26
1877,2
1878,11
1879,5
1880,28
1881,3
1882,8
1883,22
1884,22
1885,20
1886,20
1887,14
1888,8
1889,3
1890,6
1891,6
1892,22
1893,6
1894,1
1895,3
1896,12
1897,9
1898,11
1899,12
1900,7
1901,1
1902,7
1903,6
1904,11
1905,3
1906,0
1907,1
1908,3
1909,8
1910,1
1911,10
1912,49
1913,17
1914,29
1915,16
1916,2
1917,79
1918,6
1919,4
1920,2
1921,33
1922,33
1923,2
1924,0
1925,5
1926,13
1927,4
1928,3
1929,2
1930,6
1931,70
1932,42
1933,7
1934,41
1935,78
1936,119
1937,0
1938,14
1939,210
1940,53
1941,30
1942,6
1943,1
1944,39
1945,34
1946,7
1947,33
1948,32
1949,3
1950,1
1951,73
1952,27
1953,29
1954,38
1955,61
1956,13
1957,50
1958,90
1959,78
1960,37
1961,64
1962,26
1963,141
1964,2
1965,4
1966,29
1967,67
1968,13
1969,166
1970,17
1971,14
1972,132
1973,135
1974,1
1975,0
1976,1
1977,1
1978,37
1979,28
1980,2
1981,29
1982,2
1983,0
1984,46
1985,1
1986,61
1987,0
1988,25
1989,5
1990,44
1991,37
1992,63
1993,14
1994,48
1995,1
1996,32
1997,23
1998,35
1999,55
2000,39
2001,34
2002,3
2003,2
2004,11
2005,20
2006,12
2007,9
2008,17
2009,28
2010,196
2011,26
2012,214
2013,6
2014,24
2015,1
2016,1
2017,0
2018,15
2019,2
2020,5
2021,4
2022,1
2023,27
2024,31
2025,39
2026,1
2027,38
2028,4
2029,3
2030,30
2031,7
2032,26
2033,18
2034,43
2035,50
2036,4
2037,1
2038,14
2039,16
2040,0
2041,28
2042,16
2043,1
2044,2
2045,15
2046,33
2047,1
2048,1
2049,6
2050,5
2051,1
2052,28
2053,17
2054,90
2055,10
2056,7
2057,17
2058,31
2059,19
2060,130
2061,22
2062,4
2063,8
2064,3
2065,14
2066,33
2067,2
2068,13
2069,1
2070,39
2071,77
2072,32
2073,31
2074,13
2075,32
2076,3
2077,2
2078,29
2079,10
2080,24
2081,40
2082,45
2083,12
2084,24
2085,33
2086,1
2087,1
2088,17
2089,13
2090,48
2091,44
2092,34
2093,16
2094,3
2095,14
2096,6
2097,14
2098,11
2099,0
2100,38
2101,19
2102,13
2103,5
2104,20
2105,2
2106,11
2107,13
2108,35
2109,33
2110,10
2111,20
2112,40
2113,1
2114,1
2115,1
2116,1
2117,1
2118,12
2119,2
2120,13
2121,1
2122,2
2123,2
2124,4
2125,3
2126,13
2127,7
2128,4
2129,4
2130,3
2131,2
2132,5
2133,1
2134,1
2135,3
2136,3
2137,19
2138,11
2139,2
2140,4
2141,2
2142,1
2143,4
2144,1
2145,2
2146,8
2147,1
2148,5
2149,7
2150,3
2151,5
2152,3
2153,3
2154,6
2155,1
2156,9
2157,3
2158,5
2159,2
2160,5
2161,7
2162,6
2163,9
2164,7
2165,3
2166,5
2167,2
2168,4
2169,2
2170,3
2171,3
2172,32
2173,1
2174,24
2175,13
2176,12
2177,12
2178,26
2179,32
2180,7
2181,10
2182,10
2183,2
2184,1
2185,1
2186,1
2187,10
2188,0
2189,6
2190,6
2191,1
2192,1
2193,3
2194,16
2195,13
2196,10
2197,1
2198,0
2199,2
2200,0
2201,5
2202,1
2203,12
2204,18
2205,3
2206,4
2207,0
2208,1
2209,0
2210,3
2211,1
2212,0
2213,4
2214,0
2215,7
2216,0
2217,6
2218,7
2219,2
2220,6
2221,7
2222,14
2223,1
2224,1
2225,4
2226,1
2227,3
2228,1
2229,3
2230,1
2231,1
2232,0
2233,4
2234,0
2235,1
2236,1
2237,15
2238,1
2239,1
2240,2
2241,1
2242,2
2243,2
2244,4
2245,5
2246,1
2247,0
2248,0
2249,2
2250,6
2251,0
2252,1
2253,1
2254,1
2255,1
2256,1
2257,1
2258,0
2259,2
2260,4
2261,1
2262,1
2263,1
2264,3
2265,0
2266,5
2267,2
2268,1
2269,0
2270,1
2271,1
2272,1
2273,4
2274,5
2275,10
2276,1
2277,0
2278,1
2279,0
2280,2
2281,0
2282,15
2283,2
2284,0
2285,15
2286,1
2287,1
2288,1
2289,6
2290,1
2291,2
2292,6
2293,2
2294,2
2295,0
2296,1
2297,2
2298,1
2299,22
2300,8
2301,1
2302,0
2303,1
2304,3
2305,8
2306,1
2307,3
2308,1
2309,5
2310,4
2311,4
2312,0
2313,1
2314,13
2315,0
2316,6
2317,3
2318,15
2319,14
2320,1
2321,12
2322,18
2323,0
2324,11
2325,3
2326,11
2327,12
2328,4
2329,2
2330,6
2331,14
2332,1
2333,18
2334,1
2335,2
2336,4
2337,23
2338,31
2339,8
2340,6
2341,5
2342,28
2343,16
2344,2
2345,2
2346,12
2347,22
2348,0
2349,0
2350,2
2351,5
2352,8
2353,28
2354,3
2355,4
2356,6
2357,5
2358,1
2359,0
2360,7
2361,3
2362,8
2363,9
2364,0
2365,1
2366,1
2367,3
2368,7
2369,7
2370,41
2371,4
2372,2
2373,3
2374,3
2375,6
2376,3
2377,2
2378,0
2379,13
2380,5
2381,2
2382,31
2383,7
2384,25
2385,116
2386,5
2387,35
2388,13
2389,13
2390,120
2391,26
2392,13
2393,19
2394,19
2395,3
2396,3
2397,2
2398,6
2399,10
2400,32
2401,1
2402,0
2403,1
2404,1
2405,11
2406,2
2407,8
2408,5
2409,2
2410,3
2411,2
2412,24
2413,1
2414,2
2415,13
2416,1
2417,3
2418,4
2419,23
2420,1
2421,1
2422,1
2423,2
2424,5
2425,1
2426,3
2427,50
2428,30
2429,14
2430,21
2431,17
2432,125
2433,30
2434,14
2435,2
2436,3
2437,1
2438,2
2439,2
2440,2
2441,4
2442,6
2443,11
2444,3
2445,6
2446,0
2447,20
2448,4
2449,5
2450,16
2451,9
2452,2
2453,10
2454,14
2455,12
2456,15
2457,7
2458,9
2459,12
2460,10
2461,15
2462,4
2463,2
2464,2
2465,1
2466,6
2467,11
2468,5
2469,1
2470,3
2471,3
2472,9
2473,0
2474,4
2475,4
2476,7
2477,5
2478,9
2479,7
2480,10
2481,1
2482,16
2483,2
2484,2
2485,38
2486,16
2487,29
2488,3
2489,3
2490,8
2491,62
2492,3
2493,10
2494,1
2495,12
2496,69
2497,12
2498,2
2499,2
2500,4
2501,0
2502,7
2503,6
2504,12
2505,9
2506,23
2507,2
2508,13
2509,2
2510,0
2511,2
2512,36
2513,3
2514,21
2515,22
2516,49
2517,1
2518,16
2519,4
2520,5
2521,96
2522,2
2523,9
2524,14
2525,70
2526,8
2527,162
2528,13
2529,3
2530,65
2531,1
2532,0
2533,1
2534,1
2535,3
2536,63
2537,1
2538,12
2539,1
2540,3
2541,2
2542,5
2543,3
2544,12
2545,17
2546,6
2547,8
2548,5
2549,3
2550,7
2551,4
2552,18
2553,1
2554,19
2555,15
2556,0
2557,0
2558,6
2559,7
2560,8
2561,3
2562,0
2563,5
2564,1
2565,1
2566,1
2567,1
2568,3
2569,7
2570,5
2571,2
2572,30
2573,20
2574,13
2575,21
2576,16
2577,74
2578,0
2579,1
2580,2
2581,5
2582,36
2583,2
2584,6
2585,31
2586,2
2587,3
2588,2
2589,2
2590,1
2591,1
2592,10
2593,5
2594,17
2595,31
2596,6
2597,3
2598,14
2599,4
2600,5
2601,25
2602,1
2603,37
2604,7
2605,1
2606,13
2607,7
2608,22
2609,1
2610,2
2611,12
2612,49
2613,8
2614,11
2615,15
2616,4
2617,10
2618,0
2619,3
2620,14
2621,2
2622,55
2623,1
2624,8
2625,6
2626,17
2627,1
2628,2
2629,3
2630,31
2631,22
2632,15
2633,1
2634,0
2635,28
2636,22
2637,13
2638,15
2639,7
2640,16
2641,0
2642,21
2643,11
2644,5
2645,173
2646,6
2647,3
2648,17
2649,3
2650,0
2651,11
2652,1
2653,6
2654,1
2655,0
2656,41
2657,15
2658,41
2659,16
2660,47
2661,11
2662,42
2663,4
2664,7
2665,22
2666,31
2667,12
2668,149
2669,8
2670,5
2671,3
2672,44
2673,93
2674,59
2675,33
2676,2
2677,4
2678,5
2679,2
2680,6
2681,9
2682,123
2683,11
2684,58
2685,34
2686,2
2687,82
2688,154
2689,19
2690,2
2691,45
2692,26
2693,29
2694,15
2695,55
2696,42
2697,11
2698,2
2699,37
2700,51
2701,29
2702,33
2703,17
2704,78
2705,14
2706,18
2707,2
2708,30
2709,8
2710,2
2711,11
2712,4
2713,12
2714,0
2715,7
2716,2
2717,14
2718,3
2719,7
2720,1
2721,8
2722,1
2723,1
2724,11
2725,4
2726,3
2727,39
2728,13
2729,7
2730,7
2731,12
2732,15
2733,6
2734,27
2735,25
2736,9
2737,7
2738,4
2739,23
2740,21
2741,12
2742,3
2743,4
2744,7
2745,21
2746,15
2747,4
2748,2
2749,12
2750,14
2751,2
2752,12
2753,8
2754,8
2755,11
2756,4
2757,10
2758,7
2759,7
2760,1
2761,10
2762,12
2763,3
2764,3
2765,12
2766,4
2767,6
2768,1
2769,7
2770,3
2771,3
2772,9
2773,2
2774,15
2775,1
2776,4
2777,2
2778,1
2779,3
2780,8
2781,2
2782,2
2783,2
2784,1
2785,9
2786,17
2787,2
2788,14
2789,5
2790,12
2791,15
2792,4
2793,29
2794,2
2795,1
2796,9
2797,0
2798,22
2799,6
2800,1
2801,5
2802,20
2803,21
2804,14
2805,23
2806,41
2807,7
2808,4
2809,5
2810,4
2811,2
2812,7
2813,7
2814,28
2815,19
2816,18
2817,0
2818,3
2819,0
2820,19
2821,1
2822,13
2823,3
2824,10
2825,15
2826,3
2827,10
2828,3
2829,2
2830,4
2831,13
2832,5
2833,8
2834,11
2835,1
2836,2
2837,6
2838,10
2839,17
2840,0
2841,34
2842,0
2843,10
2844,7
2845,9
2846,5
2847,4
2848,22
2849,5
2850,8
2851,9
2852,2
2853,3
2854,2
2855,15
2856,7
2857,9
2858,8
2859,10
2860,2
2861,4
2862,16
2863,1
2864,33
2865,8
2866,17
2867,10
2868,7
2869,2
2870,8
2871,6
2872,1
2873,4
2874,2
2875,16
2876,7
2877,1
2878,0
2879,16
2880,5
2881,2
2882,1
2883,5
2884,3
2885,13
2886,27
2887,2
2888,53
2889,15
2890,14
2891,2
2892,48
2893,21
2894,32
2895,10
2896,44
2897,9
2898,10
2899,2
2900,4
2901,49
2902,16
2903,38
2904,12
2905,3
2906,25
2907,58
2908,2
2909,3
2910,11
2911,10
2912,28
2913,33
2914,1
2915,8
2916,6
2917,28
2918,2
2919,39
2920,34
2921,26
2922,12
2923,8
2924,0
2925,16
2926,17
2927,29
2928,4
2929,49
2930,12
2931,1
2932,14
2933,29
2934,10
2935,20
2936,1
2937,3
2938,17
2939,1
2940,13
2941,12
2942,9
2943,47
2944,1
2945,0
2946,5
2947,65
2948,31
2949,30
2950,13
2951,24
2952,24
2953,1
2954,2
2955,6
2956,2
2957,0
2958,2
2959,5
2960,2
2961,0
2962,1
2963,1
2964,1
2965,2
2966,5
2967,3
2968,6
2969,2
2970,5
2971,1
2972,1
2973,1
2974,2
2975,2
2976,3
2977,5
2978,11
2979,4
2980,12
2981,2
2982,40
2983,1
2984,7
2985,19
2986,5
2987,1
2988,5
2989,2
2990,8
2991,5
2992,19
2993,20
2994,45
2995,33
2996,2
2997,3
2998,14
2999,1
3000,11
3001,8
3002,2
3003,24
3004,14
3005,9
3006,5
3007,21
3008,3
3009,15
3010,32
3011,7
3012,4
3013,1
3014,17
3015,1
3016,2
3017,22
3018,12
3019,7
3020,11
3021,1
3022,1
3023,0
3024,13
3025,5
3026,23
3027,2
3028,2
3029,21
3030,1
3031,12
3032,1
3033,1
3034,2
3035,1
3036,2
3037,1
3038,3
3039,19
3040,5
3041,4
3042,36
3043,24
3044,15
3045,1
3046,19
3047,30
3048,6
3049,11
3050,6
3051,12
3052,2
3053,9
3054,5
3055,0
3056,1
3057,5
3058,5
3059,7
3060,13
3061,23
3062,7
3063,11
3064,1
3065,2
3066,10
3067,2
3068,5
3069,1
3070,3
3071,1
3072,5
3073,4
3074,9
3075,6
3076,2
3077,3
3078,0
3079,0
3080,3
3081,5
3082,0
3083,41
3084,25
3085,52
3086,2
3087,4
3088,26
3089,21
3090,1
3091,5
3092,8
3093,31
3094,3
3095,8
3096,11
3097,5
3098,154
3099,4
3100,37
3101,0
3102,1
3103,3
3104,0
3105,0
3106,3
3107,13
3108,41
3109,2
3110,5
3111,2
3112,1
3113,2
3114,2
3115,1
3116,4
3117,0
3118,3
3119,4
3120,6
3121,3
3122,12
3123,3
3124,1
3125,4
3126,10
3127,14
3128,14
3129,4
3130,63
3131,11
3132,1
3133,1
3134,5
3135,1
3136,6
3137,8
3138,2
3139,11
3140,2
3141,17
3142,1
3143,6
3144,0
3145,4
3146,6
3147,0
3148,3
3149,5
3150,2
3151,4
3152,1
3153,8
3154,3
3155,8
3156,9
3157,1
3158,10
3159,6
3160,5
3161,15
3162,0
3163,12
3164,19
3165,2
3166,41
3167,1
3168,7
3169,3
3170,7
3171,3
3172,11
3173,8
3174,13
3175,4
3176,19
3177,0
3178,5
3179,4
3180,7
3181,5
3182,2
3183,10
3184,0
3185,5
3186,3
3187,12
3188,4
3189,2
3190,8
3191,10
3192,1
3193,2
3194,6
3195,4
3196,3
3197,3
3198,4
3199,14
3200,3
3201,11
3202,6
3203,16
3204,11
3205,8
3206,1
3207,25
3208,1
3209,4
3210,2
3211,7
3212,6
3213,4
3214,21
3215,5
3216,25
3217,17
3218,2
3219,9
3220,16
3221,17
3222,7
3223,2
3224,5
3225,0
3226,1
3227,2
3228,1
3229,6
3230,5
3231,23
3232,5
3233,6
3234,1
3235,18
3236,18
3237,4
3238,1
3239,31
3240,48
3241,0
3242,2
3243,0
3244,3
3245,1
3246,3
3247,5
3248,1
3249,1
3250,1
3251,1
3252,3
3253,9
3254,5
3255,2
3256,6
3257,3
3258,31
3259,3
3260,1
3261,67
3262,7
3263,10
3264,40
3265,8
3266,9
3267,8
3268,10
3269,3
3270,18
3271,9
3272,32
3273,2
3274,1
3275,2
3276,4
3277,1
3278,2
3279,1
3280,0
3281,0
3282,2
3283,72
3284,18
3285,7
3286,11
3287,7
3288,11
3289,31
3290,2
3291,30
3292,1
3293,1
3294,6
3295,11
3296,13
3297,3
3298,5
3299,4
3300,1
3301,3
3302,3
3303,5
3304,1
3305,5
3306,18
3307,1
3308,46
3309,1
3310,1
3311,4
3312,2
3313,4
3314,2
3315,4
3316,1
3317,1
3318,10
3319,3
3320,0
3321,2
3322,1
3323,7
3324,8
3325,3
3326,0
3327,2
3328,18
3329,2
3330,7
3331,35
3332,36
3333,1
3334,0
3335,4
3336,2
3337,3
3338,3
3339,1
3340,2
3341,1
3342,2
3343,1
3344,0
3345,1
3346,3
3347,2
3348,2
3349,4
3350,0
3351,2
3352,1
3353,0
3354,1
3355,5
3356,1
3357,0
3358,1
3359,1
3360,0
3361,11
3362,1
3363,0
3364,8
3365,2
3366,6
3367,7
3368,1
3369,1
3370,1
3371,1
3372,2
3373,8
3374,4
3375,3
3376,3
3377,16
3378,4
3379,1
3380,9
3381,0
3382,9
3383,1
3384,12
3385,1
3386,0
3387,2
3388,1
3389,8
3390,1
3391,6
3392,0
3393,4
3394,18
3395,14
3396,2
3397,1
3398,3
3399,0
3400,4
3401,2
3402,1
3403,1
3404,1
3405,2
3406,3
3407,5
3408,0
3409,4
3410,3
3411,1
3412,1
3413,1
3414,1
3415,0
3416,2
3417,1
3418,7
3419,11
3420,5
3421,42
3422,1
3423,26
3424,7
3425,3
3426,4
3427,5
3428,2
3429,11
3430,6
3431,3
3432,0
3433,0
3434,1
3435,1
3436,1
3437,1
3438,2
3439,5
3440,1
3441,13
3442,26
3443,0
3444,28
3445,17
3446,5
3447,51
3448,14
3449,31
3450,29
3451,27
3452,13
3453,7
3454,6
3455,0
3456,9
3457,69
3458,11
3459,23
3460,24
3461,29
3462,17
3463,26
3464,0
3465,17
3466,22
3467,1
3468,1
3469,18
3470,2
3471,16
3472,12
3473,1
3474,9
3475,1
3476,0
3477,36
3478,28
3479,20
3480,3
3481,5
3482,0
3483,0
3484,2
3485,3
3486,2
3487,23
3488,4
3489,0
3490,1
3491,17
3492,1
3493,1
3494,1
3495,1
3496,3
3497,0
3498,4
3499,2
3500,3
3501,4
3502,2
3503,2
3504,1
3505,8
3506,8
3507,6
3508,3
3509,5
3510,16
3511,4
3512,11
3513,12
3514,67
3515,53
3516,1
3517,19
3518,16
3519,10
3520,4
3521,1
3522,0
3523,0
3524,1
3525,34
3526,15
3527,4
3528,39
3529,42
3530,14
3531,63
3532,7
3533,25
3534,13
3535,6
3536,27
3537,17
3538,5
3539,0
3540,1
3541,6
3542,44
3543,11
3544,5
3545,36
3546,51
3547,2
3548,26
3549,4
3550,1
3551,1
3552,5
3553,31
3554,8
3555,4
3556,0
3557,7
3558,42
3559,30
3560,49
3561,19
3562,17
3563,6
3564,10
3565,3
3566,1
3567,16
3568,2
3569,20
3570,0
3571,2
3572,1
3573,5
3574,3
3575,4
3576,2
3577,3
3578,0
3579,1
3580,0
3581,1
3582,4
3583,3
3584,2
3585,3
3586,21
3587,5
3588,1
3589,1
3590,141
3591,2
3592,1
3593,30
3594,62
3595,1
3596,3
3597,0
3598,0
3599,3
3600,2
3601,21
3602,15
3603,15
3604,8
3605,8
3606,21
3607,9
3608,3
3609,3
3610,6
3611,5
3612,4
3613,1
3614,7
3615,7
3616,4
3617,1
3618,1
3619,0
3620,1
3621,3
3622,2
3623,5
3624,3
3625,2
3626,6
3627,2
3628,6
3629,3
3630,2
3631,3
3632,8
3633,2
3634,5
3635,8
3636,7
3637,1
3638,1
3639,4
3640,1
3641,1
3642,3
3643,0
3644,3
3645,1
3646,4
3647,4
3648,2
3649,0
3650,3
3651,7
3652,5
3653,1
3654,10
3655,2
3656,0
3657,4
3658,10
3659,4
3660,2
3661,3
3662,1
3663,1
3664,0
3665,0
3666,0
3667,0
3668,0
3669,4
3670,7
3671,27
3672,2
3673,3
3674,14
3675,36
3676,3
3677,14
3678,1
3679,2
3680,18
3681,1
3682,8
3683,10
3684,0
3685,3
3686,3
3687,2
3688,1
3689,1
3690,50
3691,1
3692,11
3693,8
3694,3
3695,1
3696,1
3697,4
3698,7
3699,2
3700,4
3701,8
3702,1
3703,1
3704,0
3705,0
3706,2
3707,1
3708,1
3709,3
3710,1
3711,15
3712,1
3713,14
3714,2
3715,19
3716,1
3717,2
3718,5
3719,15
3720,3
3721,2
3722,3
3723,6
3724,2
3725,0
3726,1
3727,18
3728,0
3729,3
3730,15
3731,5
3732,5
3733,8
3734,5
3735,1
3736,1
3737,0
3738,1
3739,2
3740,5
3741,1
3742,0
3743,2
3744,2
3745,1
3746,3
3747,2
3748,6
3749,1
3750,2
3751,4
3752,1
3753,29
3754,19
3755,17
3756,12
3757,9
3758,0
3759,4
3760,5
3761,7
3762,1
3763,10
3764,3
3765,1
3766,22
3767,0
3768,5
3769,0
3770,16
3771,1
3772,3
3773,7
3774,10
3775,1
3776,3
3777,6
3778,0
3779,4
3780,2
3781,67
3782,1
3783,3
3784,4
3785,12
3786,39
3787,1
3788,6
3789,3
3790,1
3791,1
3792,3
3793,1
3794,1
3795,6
3796,1
3797,3
3798,2
3799,0
3800,1
3801,6
3802,17
3803,38
3804,4
3805,4
3806,8
3807,4
3808,3
3809,1
3810,0
3811,1
3812,4
3813,0
3814,4
3815,1
3816,0
3817,0
3818,2
3819,2
3820,1
3821,1
3822,0
3823,2
3824,1
3825,3
3826,4
3827,6
3828,1
3829,2
3830,9
3831,5
3832,2
3833,1
3834,0
3835,9
3836,1
3837,0
3838,3
3839,2
3840,2
3841,1
3842,9
3843,0
3844,1
3845,0
3846,3
3847,0
3848,1
3849,1
3850,5
3851,2
3852,0
3853,24
3854,37
3855,12
3856,7
3857,30
3858,8
3859,51
3860,13
3861,29
3862,1
3863,42
3864,20
3865,15
3866,0
3867,1
3868,14
3869,26
3870,47
3871,53
3872,24
3873,3
3874,26
3875,2
3876,1
3877,1
3878,3
3879,1
3880,2
3881,1
3882,1
3883,4
3884,2
3885,1
3886,3
3887,18
3888,1
3889,2
3890,2
3891,4
3892,4
3893,3
3894,23
3895,4
3896,5
3897,3
3898,4
3899,1
3900,4
3901,4
3902,19
3903,2
3904,1
3905,1
3906,2
3907,5
3908,1
3909,1
3910,1
3911,1
3912,0
3913,0
3914,1
3915,0
3916,16
3917,0
3918,8
3919,3
3920,5
3921,12
3922,3
3923,3
3924,10
3925,9
3926,19
3927,8
3928,52
3929,0
3930,1
3931,0
3932,0
3933,0
3934,7
3935,6
3936,4
3937,13
3938,1
3939,8
3940,8
3941,27
3942,17
3943,140
3944,3
3945,52
3946,8
3947,8
3948,19
3949,2
3950,7
3951,33
3952,7
3953,14
3954,14
3955,4
3956,6
3957,1
3958,1
3959,1
3960,0
3961,2
3962,1
3963,3
3964,13
3965,2
3966,11
3967,9
3968,48
3969,2
3970,1
3971,3
3972,1
3973,0
3974,3
3975,8
3976,2
3977,1
3978,2
3979,1
3980,17
3981,15
3982,11
3983,0
3984,7
3985,5
3986,0
3987,1
3988,0
3989,7
3990,1
3991,1
3992,1
3993,1
3994,0
3995,1
3996,34
3997,7
3998,11
3999,12
4000,17
4001,99
4002,1
4003,1
4004,1
4005,17
4006,3
4007,0
4008,6
4009,3
4010,1
4011,0
4012,3
4013,3
4014,3
4015,1
4016,24
4017,0
4018,4
4019,3
4020,8
4021,13
4022,1
4023,8
4024,20
4025,0
4026,2
4027,11
4028,9
4029,19
4030,1
4031,0
4032,0
4033,5
4034,0
4035,2
4036,5
4037,0
4038,17
4039,5
4040,2
4041,1
4042,23
4043,61
4044,3
4045,1
4046,2
4047,4
4048,3
4049,11
4050,0
4051,3
4052,1
4053,4
4054,9
4055,0
4056,14
4057,25
4058,3
4059,0
4060,20
4061,3
4062,1
4063,4
4064,1
4065,2
4066,1
4067,4
4068,1
4069,3
4070,3
4071,6
4072,0
4073,1
4074,1
4075,4
4076,11
4077,2
4078,7
4079,9
4080,12
4081,4
4082,1
4083,2
4084,1
4085,4
4086,1
4087,0
4088,2
4089,2
4090,20
4091,1
4092,1
4093,35
4094,0
4095,2
4096,1
4097,4
4098,15
4099,21
4100,9
4101,3
4102,3
4103,38
4104,9
4105,1
4106,8
4107,3
4108,1
4109,2
4110,7
4111,4
4112,15
4113,3
4114,1
4115,1
4116,20
4117,8
4118,3
4119,12
4120,4
4121,9
4122,2
4123,0
4124,2
4125,0
4126,10
4127,7
4128,1
4129,2
4130,1
4131,4
4132,6
4133,15
4134,1
4135,4
4136,5
4137,0
4138,6
4139,1
4140,0
4141,1
4142,2
4143,12
4144,7
4145,5
4146,5
4147,1
4148,2
4149,1
4150,1
4151,1
4152,0
4153,3
4154,4
4155,1
4156,1
4157,0
4158,0
4159,1
4160,1
4161,0
4162,0
4163,0
4164,4
4165,0
4166,7
4167,3
4168,1
4169,15
4170,2
4171,7
4172,2
4173,1
4174,2
4175,4
4176,4
4177,21
4178,0
4179,1
4180,0
4181,2
4182,9
4183,0
4184,0
4185,2
4186,6
4187,1
4188,6
4189,5
4190,1
4191,2
4192,1
4193,3
4194,0
4195,5
4196,4
4197,2
4198,2
4199,0
4200,1
4201,1
4202,0
4203,0
4204,1
4205,1
4206,0
4207,1
4208,7
4209,1
4210,15
4211,24
4212,1
4213,0
4214,5
4215,1
4216,2
4217,3
4218,2
4219,1
4220,48
4221,1
4222,2
4223,1
4224,1
4225,1
4226,2
4227,1
4228,1
4229,7
4230,51
4231,5
4232,1
4233,1
4234,1
4235,2
4236,1
4237,4
4238,3
4239,1
4240,5
4241,2
4242,1
4243,4
4244,0
4245,2
4246,2
4247,3
4248,2
4249,1
4250,4
4251,1
4252,1
4253,8
4254,22
4255,17
4256,0
4257,1
4258,2
4259,3
4260,7
4261,39
4262,1
4263,8
4264,22
4265,9
4266,15
4267,21
4268,2
4269,13
4270,13
4271,8
4272,14
4273,18
4274,8
4275,1
4276,7
4277,30
4278,0
4279,7
4280,12
4281,1
4282,2
4283,7
4284,32
4285,1
4286,3
4287,3
4288,5
4289,4
4290,2
4291,20
4292,4
4293,5
4294,1
4295,2
4296,2
4297,1
4298,4
4299,0
4300,5
4301,12
4302,3
4303,10
4304,0
4305,7
4306,3
4307,1
4308,6
4309,1
4310,1
4311,2
4312,5
4313,1
4314,2
4315,9
4316,11
4317,1
4318,5
4319,2
4320,5
4321,2
4322,0
4323,21
4324,4
4325,4
4326,3
4327,13
4328,0
4329,3
4330,31
4331,3
4332,31
4333,9
4334,8
4335,15
4336,0
4337,3
4338,0
4339,0
4340,1
4341,3
4342,5
4343,54
4344,31
4345,24
4346,5
4347,1
4348,1
4349,0
4350,2
4351,17
4352,3
4353,0
4354,5
4355,1
4356,6
4357,10
4358,3
4359,1
4360,4
4361,6
4362,6
4363,3
4364,1
4365,2
4366,3
4367,2
4368,1
4369,0
4370,9
4371,1
4372,1
4373,10
4374,5
4375,4
4376,1
4377,0
4378,0
4379,2
4380,2
4381,5
4382,4
4383,1
4384,2
4385,4
4386,1
4387,5
4388,1
4389,1
4390,0
4391,2
4392,0
4393,7
4394,1
4395,3
4396,3
4397,1
4398,1
4399,3
4400,11
4401,23
4402,14
4403,47
4404,40
4405,3
4406,2
4407,1
4408,1
4409,18
4410,1
4411,1
4412,6
4413,6
4414,1
4415,0
4416,3
4417,26
4418,3
4419,18
4420,6
4421,2
4422,1
4423,1
4424,2
4425,0
4426,2
4427,1
4428,1
4429,4
4430,2
4431,1
4432,1
4433,2
4434,6
4435,4
4436,5
4437,2
4438,1
4439,7
4440,6
4441,0
4442,7
4443,5
4444,1
4445,1
4446,8
4447,2
4448,1
4449,1
4450,1
4451,7
4452,1
4453,2
4454,2
4455,1
4456,0
4457,7
4458,2
4459,4
4460,6
4461,1
4462,2
4463,1
4464,1
4465,1
4466,4
4467,2
4468,5
4469,1
4470,7
4471,17
4472,1
4473,4
4474,1
4475,0
4476,3
4477,24
4478,11
4479,85
4480,1
4481,10
4482,15
4483,19
4484,1
4485,2
4486,1
4487,1
4488,5
4489,2
4490,9
4491,19
4492,4
4493,10
4494,1
4495,0
4496,24
4497,5
4498,9
4499,2
4500,4
4501,17
4502,2
4503,0
4504,4
4505,1
4506,4
4507,14
4508,1
4509,13
4510,4
4511,1
4512,3
4513,1
4514,1
4515,0
4516,1
4517,0
4518,2
4519,0
4520,1
4521,6
4522,25
4523,11
4524,9
4525,2
4526,8
4527,1
4528,58
4529,17
4530,3
4531,24
4532,10
4533,13
4534,3
4535,10
4536,3
4537,6
4538,16
4539,22
4540,8
4541,169
4542,1
4543,0
4544,35
4545,6
4546,1
4547,45
4548,2
4549,0
4550,0
4551,1
4552,1
4553,1
4554,2
4555,0
4556,1
4557,2
4558,2
4559,1
4560,1
4561,0
4562,2
4563,0
4564,2
4565,0
4566,0
4567,7
4568,0
4569,0
4570,3
4571,1
4572,1
4573,0
4574,1
4575,1
4576,1
4577,5
4578,1
4579,0
4580,2
4581,1
4582,2
4583,3
4584,2
4585,2
4586,4
4587,1
4588,2
4589,5
4590,8
4591,13
4592,1
4593,4
4594,8
4595,1
4596,1
4597,2
4598,1
4599,0
4600,1
4601,5
4602,1
4603,14
4604,14
4605,14
4606,5
4607,14
4608,1
4609,0
4610,2
4611,1
4612,0
4613,0
4614,1
4615,0
4616,2
4617,8
4618,13
4619,1
4620,0
4621,1
4622,2
4623,0
4624,1
4625,2
4626,1
4627,2
4628,2
4629,22
4630,11
4631,2
4632,8
4633,13
4634,35
4635,1
4636,16
4637,124
4638,29
4639,7
4640,22
4641,8
4642,32
4643,4
4644,31
4645,1
4646,46
4647,5
4648,80
4649,73
4650,21
4651,29
4652,12
4653,48
4654,55
4655,41
4656,1
4657,21
4658,6
4659,49
4660,0
4661,5
4662,1
4663,2
4664,1
4665,1
4666,11
4667,3
4668,2
4669,6
4670,5
4671,4
4672,1
4673,1
4674,0
4675,5
4676,1
4677,2
4678,3
4679,1
4680,0
4681,66
4682,23
4683,74
4684,0
4685,2
4686,1
4687,1
4688,0
4689,1
4690,1
4691,2
4692,1
4693,2
4694,4
4695,1
4696,4
4697,1
4698,6
4699,1
4700,3
4701,2
4702,1
4703,1
4704,2
4705,2
4706,2
4707,1
4708,7
4709,1
4710,2
4711,4
4712,5
4713,0
4714,1
4715,3
4716,6
4717,1
4718,0
4719,1
4720,0
4721,2
4722,1
4723,2
4724,3
4725,2
4726,5
4727,1
4728,1
4729,0
4730,1
4731,179
4732,1
4733,1
4734,4
4735,5
4736,3
4737,4
4738,2
4739,2
4740,1
4741,6
4742,2
4743,1
4744,1
4745,3
4746,1
4747,1
4748,2
4749,1
4750,3
4751,3
4752,0
4753,2
4754,4
4755,1
4756,0
4757,1
4758,0
4759,2
4760,5
4761,1
4762,3
4763,0
4764,1
4765,1
4766,1
4767,4
4768,1
4769,2
4770,4
4771,5
4772,5
4773,0
4774,0
4775,0
4776,4
4777,49
4778,0
4779,1
4780,1
4781,4
4782,2
4783,10
4784,0
4785,6
4786,0
4787,3
4788,9
4789,14
4790,6
4791,2
4792,1
4793,3
4794,29
4795,1
4796,1
4797,2
4798,1
4799,2
4800,3
4801,1
4802,22
4803,2
4804,5
4805,2
4806,4
4807,7
4808,3
4809,5
4810,8
4811,7
4812,4
4813,4
4814,3
4815,2
4816,0
4817,6
4818,4
4819,2
4820,9
4821,9
4822,2
4823,1
4824,5
4825,2
4826,0
4827,8
4828,1
4829,1
4830,43
4831,46
4832,0
4833,1
4834,11
4835,7
4836,1
4837,2
4838,4
4839,1
4840,1
4841,2
4842,10
4843,3
4844,1
4845,0
4846,1
4847,0
4848,1
4849,6
4850,11
4851,14
4852,5
4853,0
4854,2
4855,4
4856,7
4857,0
4858,2
4859,1
4860,1
4861,0
4862,0
4863,0
4864,4
4865,0
4866,1
4867,1
4868,5
4869,1
4870,1
4871,4
4872,7
4873,6
4874,1
4875,7
4876,2
4877,2
4878,0
4879,3
4880,1
4881,1
4882,3
4883,1
4884,1
4885,5
4886,1
4887,0
4888,2
4889,4
4890,1
4891,1
4892,1
4893,2
4894,3
4895,1
4896,1
4897,1
4898,4
4899,1
4900,2
4901,7
4902,11
4903,23
4904,6
4905,2
4906,8
4907,1
4908,1
4909,0
4910,2
4911,2
4912,1
4913,1
4914,4
4915,10
4916,0
4917,9
4918,1
4919,1
4920,1
4921,5
4922,1
4923,3
4924,6
4925,1
4926,6
4927,1
4928,3
4929,1
4930,1
4931,3
4932,1
4933,5
4934,2
4935,2
4936,5
4937,1
4938,0
4939,0
4940,3
4941,1
4942,1
4943,7
4944,1
4945,4
4946,0
4947,1
4948,2
4949,8
4950,2
4951,1
4952,10
4953,5
4954,1
4955,1
4956,8
4957,1
4958,5
4959,4
4960,1
4961,4
4962,1
4963,1
4964,0
4965,1
4966,4
4967,0
4968,1
4969,1
4970,3
4971,1
4972,2
4973,1
4974,2
4975,2
4976,5
4977,10
4978,3
4979,9
4980,0
4981,0
4982,0
4983,15
4984,4
4985,1
4986,2
4987,0
4988,1
4989,1
4990,0
4991,1
4992,1
4993,1
4994,3
4995,1
4996,4
4997,1
4998,0
4999,1
5000,5
5001,1
5002,4
5003,1
5004,0
5005,2
5006,1
5007,1
5008,3
5009,0
5010,3
5011,11
5012,6
5013,2
5014,2
5015,1
5016,4
5017,1
5018,0
5019,1
5020,4
5021,2
5022,3
5023,1
5024,1
5025,3
5026,1
5027,1
5028,11
5029,2
5030,9
5031,3
5032,7
5033,4
5034,3
5035,2
5036,13
5037,16
5038,0
5039,2
5040,8
5041,0
5042,3
5043,8
5044,1
5045,2
5046,1
5047,1
5048,0
5049,1
5050,1
5051,1
5052,0
5053,1
5054,27
5055,17
5056,2
5057,2
5058,2
5059,0
5060,5
5061,1
5062,1
5063,13
5064,2
5065,1
5066,2
5067,6
5068,0
5069,3
5070,0
5071,0
5072,4
5073,0
5074,1
5075,3
5076,19
5077,7
5078,10
5079,1
5080,2
5081,3
5082,3
5083,7
5084,1
5085,2
5086,1
5087,0
5088,5
5089,1
5090,5
5091,2
5092,2
5093,0
5094,0
5095,0
5096,8
5097,3
5098,1
5099,9
5100,1
5101,1
5102,0
5103,2
5104,2
5105,1
5106,0
5107,3
5108,5
5109,1
5110,1
5111,0
5112,1
5113,6
5114,1
5115,1
5116,3
5117,0
5118,1
5119,3
5120,1
5121,1
5122,1
5123,4
5124,2
5125,4
5126,5
5127,3
5128,3
5129,5
5130,7
5131,2
5132,1
5133,8
5134,3
5135,2
5136,2
5137,4
5138,1
5139,2
5140,1
5141,0
5142,2
5143,2
5144,0
5145,0
5146,0
5147,4
5148,0
5149,0
5150,8
5151,0
5152,1
5153,0
5154,3
5155,1
5156,0
5157,1
5158,3
5159,1
5160,1
5161,3
5162,1
5163,2
5164,1
5165,0
5166,1
5167,1
5168,1
5169,0
5170,1
5171,6
5172,1
5173,0
5174,4
5175,1
5176,0
5177,0
5178,1
5179,1
5180,2
5181,1
5182,1
5183,1
5184,5
5185,4
5186,1
5187,0
5188,1
5189,2
5190,6
5191,3
5192,1
5193,2
5194,14
5195,2
5196,10
5197,3
5198,2
5199,1
5200,6
5201,68
5202,1
5203,9
5204,9
5205,10
5206,6
5207,3
5208,1
5209,18
5210,9
5211,22
5212,16
5213,1
5214,0
5215,4
5216,4
5217,1
5218,1
5219,9
5220,1
5221,1
5222,4
5223,8
5224,0
5225,10
5226,0
5227,1
5228,0
5229,7
5230,3
5231,0
5232,1
5233,3
5234,0
5235,1
5236,0
5237,3
5238,0
5239,1
5240,1
5241,1
5242,4
5243,1
5244,2
5245,2
5246,4
5247,3
5248,5
5249,2
5250,5
5251,24
5252,8
5253,7
5254,2
5255,27
5256,7
5257,6
5258,5
5259,0
5260,27
5261,6
5262,1
5263,0
5264,6
5265,1
5266,6
5267,7
5268,9
5269,2
5270,14
5271,9
5272,4
5273,1
5274,2
5275,3
5276,1
5277,1
5278,0
5279,0
5280,9
5281,3
5282,1
5283,0
5284,1
5285,2
5286,16
5287,2
5288,2
5289,1
5290,1
5291,1
5292,2
5293,0
5294,2
5295,1
5296,9
5297,28
5298,1
5299,7
5300,2
5301,1
5302,5
5303,3
5304,17
5305,38
5306,15
5307,31
5308,16
5309,1
5310,1
5311,1
5312,3
5313,0
5314,8
5315,1
5316,1
5317,7
5318,0
5319,4
5320,1
5321,8
5322,1
5323,1
5324,1
5325,1
5326,1
5327,1
5328,2
5329,0
5330,0
5331,3
5332,12
5333,2
5334,16
5335,2
5336,4
5337,0
5338,3
5339,7
5340,9
5341,2
5342,25
5343,1
5344,9
5345,9
5346,3
5347,8
5348,0
5349,10
5350,5
5351,8
5352,1
5353,1
5354,9
5355,2
5356,3
5357,4
5358,1
5359,2
5360,2
5361,3
5362,10
5363,3
5364,1
5365,1
5366,10
5367,49
5368,54
5369,13
5370,8
5371,20
5372,4
5373,11
5374,2
5375,6
5376,5
5377,2
5378,4
5379,16
5380,4
5381,135
5382,1
5383,8
5384,115
5385,1
5386,3
5387,2
5388,11
5389,3
5390,1
5391,22
5392,6
5393,2
5394,3
5395,1
5396,2
5397,6
5398,2
5399,2
5400,1
5401,2
5402,4
5403,7
5404,3
5405,4
5406,1
5407,2
5408,0
5409,5
5410,1
5411,7
5412,2
5413,2
5414,2
5415,0
5416,1
5417,2
5418,0
5419,0
5420,3
5421,3
5422,1
5423,0
5424,1
5425,1
5426,11
5427,1
5428,1
5429,8
5430,4
5431,9
5432,1
5433,2
5434,3
5435,6
5436,2
5437,9
5438,0
5439,1
5440,2
5441,1
5442,4
5443,44
5444,2
5445,1
5446,1
5447,2
5448,4
5449,4
5450,16
5451,6
5452,2
5453,2
5454,15
5455,1
5456,1
5457,3
5458,0
5459,1
5460,14
5461,10
5462,1
5463,2
5464,2
5465,1
5466,1
5467,2
5468,23
5469,5
5470,2
5471,0
5472,13
5473,5
5474,9
5475,2
5476,1
5477,20
5478,35
5479,22
5480,22
5481,0
5482,0
5483,0
5484,46
5485,11
5486,5
5487,12
5488,2
5489,1
5490,9
5491,0
5492,1
5493,1
5494,0
5495,1
5496,0
5497,1
5498,1
5499,0
5500,1
5501,1
5502,0
5503,1
5504,0
5505,3
5506,2
5507,1
5508,1
5509,1
5510,1
5511,0
5512,1
5513,1
5514,0
5515,0
5516,1
5517,1
5518,1
5519,0
5520,0
5521,1
5522,0
5523,0
5524,0
5525,1
5526,0
5527,1
5528,0
5529,3
5530,1
5531,1
5532,5
5533,1
5534,1
5535,2
5536,1
5537,3
5538,1
5539,0
5540,1
5541,0
5542,14
5543,20
5544,1
5545,1
5546,1
5547,0
5548,4
5549,1
5550,22
5551,5
5552,4
5553,0
5554,14
5555,2
5556,1
5557,1
5558,0
5559,5
5560,1
5561,29
5562,3
5563,0
5564,1
5565,3
5566,4
5567,13
5568,3
5569,6
5570,9
5571,12
5572,4
5573,3
5574,7
5575,1
5576,17
5577,7
5578,2
5579,27
5580,5
5581,9
5582,5
5583,4
5584,6
5585,7
5586,9
5587,1
5588,5
5589,1
5590,9
5591,7
5592,6
5593,1
5594,1
5595,2
5596,10
5597,0
5598,4
5599,6
5600,18
5601,1
5602,22
5603,2
5604,14
5605,0
5606,1
5607,1
5608,0
5609,1
5610,19
5611,0
5612,4
5613,3
5614,0
5615,2
5616,1
5617,27
5618,3
5619,13
5620,10
5621,3
5622,1
5623,28
5624,16
5625,45
5626,7
5627,0
5628,0
5629,2
5630,79
5631,5
5632,6
5633,1
5634,6
5635,8
5636,10
5637,0
5638,2
5639,13
5640,1
5641,12
5642,2
5643,1
5644,1
5645,4
5646,2
5647,1
5648,1
5649,1
5650,1
5651,0
5652,1
5653,0
5654,1
5655,1
5656,0
5657,0
5658,1
5659,1
5660,1
5661,2
5662,2
5663,1
5664,0
5665,2
5666,1
5667,0
5668,1
5669,0
5670,3
5671,1
5672,0
5673,0
5674,0
5675,1
5676,1
5677,1
5678,1
5679,1
5680,1
5681,0
5682,0
5683,0
5684,0
5685,6
5686,19
5687,5
5688,4
5689,2
5690,7
5691,5
5692,2
5693,3
5694,8
5695,1
5696,5
5697,4
5698,5
5699,3
5700,5
5701,2
5702,3
5703,3
5704,2
5705,0
5706,4
5707,6
5708,2
5709,4
5710,5
5711,2
5712,12
5713,2
5714,2
5715,2
5716,3
5717,2
5718,2
5719,1
5720,2
5721,5
5722,1
5723,4
5724,0
5725,0
5726,2
5727,3
5728,0
5729,1
5730,3
5731,2
5732,2
5733,1
5734,2
5735,0
5736,3
5737,1
5738,0
5739,0
5740,8
5741,2
5742,7
5743,3
5744,12
5745,11
5746,1
5747,5
5748,15
5749,2
5750,2
5751,2
5752,15
5753,2
5754,23
5755,0
5756,3
5757,0
5758,9
5759,6
5760,16
5761,14
5762,1
5763,19
5764,0
5765,3
5766,2
5767,10
5768,10
5769,3
5770,6
5771,6
5772,6
5773,3
5774,1
5775,40
5776,0
5777,1
5778,0
5779,1
5780,0
5781,1
5782,1
5783,0
5784,1
5785,1
5786,1
5787,1
5788,0
5789,1
5790,0
5791,0
5792,0
5793,13
5794,2
5795,28
5796,24
5797,6
5798,2
5799,1
5800,4
5801,15
5802,9
5803,1
5804,2
5805,1
5806,0
5807,31
5808,0
5809,0
5810,1
5811,0
5812,18
5813,2
5814,11
5815,1
5816,4
5817,0
5818,2
5819,3
5820,3
5821,1
5822,1
5823,81
5824,2
5825,12
5826,7
5827,5
5828,37
5829,3
5830,1
5831,1
5832,0
5833,39
5834,80
5835,10
5836,12
5837,13
5838,4
5839,15
5840,4
5841,5
5842,16
5843,4
5844,9
5845,0
5846,9
5847,81
5848,32
5849,11
5850,2
5851,46
5852,74
5853,4
5854,6
5855,1
5856,1
5857,0
5858,0
5859,1
5860,2
5861,1
5862,3
5863,1
5864,1
5865,1
5866,1
5867,1
5868,1
5869,2
5870,2
5871,0
5872,2
5873,1
5874,0
5875,4
5876,0
5877,5
5878,1
5879,0
5880,3
5881,1
5882,1
5883,1
5884,2
5885,3
5886,3
5887,9
5888,6
5889,11
5890,5
5891,9
5892,6
5893,8
5894,8
5895,10
5896,4
5897,3
5898,10
5899,22
5900,10
5901,9
5902,143
5903,9
5904,7
5905,36
5906,2
5907,14
5908,1
5909,2
5910,7
5911,1
5912,1
5913,1
5914,1
5915,2
5916,3
5917,30
5918,3
5919,180
5920,5
5921,1
5922,0
5923,1
5924,1
5925,0
5926,1
5927,0
5928,3
5929,2
5930,2
5931,1
5932,1
5933,1
5934,4
5935,10
5936,11
5937,1
5938,17
5939,4
5940,2
5941,0
5942,2
5943,9
5944,11
5945,6
5946,10
5947,8
5948,4
5949,11
5950,10
5951,5
5952,2
5953,0
5954,11
5955,10
5956,3
5957,4
5958,2
5959,5
5960,3
5961,4
5962,2
5963,1
5964,7
5965,0
5966,0
5967,9
5968,11
5969,0
5970,1
5971,6
5972,9
5973,6
5974,3
5975,7
5976,13
5977,12
5978,6
5979,4
5980,10
5981,9
5982,3
5983,11
5984,10
5985,6
5986,0
5987,9
5988,5
5989,7
5990,6
5991,1
5992,15
5993,1
5994,8
5995,9
5996,2
5997,4
5998,12
5999,4
6000,0
6001,0
6002,0
6003,3
6004,0
6005,0
6006,1
6007,10
6008,15
6009,42
6010,5
6011,2
6012,1
6013,2
6014,2
6015,5
6016,9
6017,0
6018,1
6019,9
6020,2
6021,8
6022,4
6023,1
6024,8
6025,8
6026,3
6027,5
6028,4
6029,0
6030,5
6031,1
6032,1
6033,6
6034,0
6035,0
6036,1
6037,0
6038,1
6039,3
6040,17
6041,4
6042,3
6043,6
6044,1
6045,2
6046,1
6047,1
6048,3
6049,0
6050,1
6051,0
6052,1
6053,1
6054,0
6055,1
6056,12
6057,0
6058,12
6059,3
6060,1
6061,1
6062,1
6063,6
6064,1
6065,1
6066,9
6067,8
6068,1
6069,1
6070,1
6071,2
6072,27
6073,1
6074,1
6075,2
6076,0
6077,2
6078,0
6079,1
6080,3
6081,1
6082,1
6083,4
6084,3
6085,1
6086,5
6087,0
6088,0
6089,4
6090,1
6091,3
6092,3
6093,1
6094,3
6095,16
6096,3
6097,2
6098,8
6099,3
6100,1
6101,5
6102,1
6103,8
6104,1
6105,5
6106,1
6107,1
6108,7
6109,2
6110,10
6111,4
6112,4
6113,3
6114,2
6115,4
6116,1
6117,1
6118,5
6119,3
6120,4
6121,2
6122,2
6123,2
6124,0
6125,7
6126,5
6127,2
6128,1
6129,2
6130,5
6131,2
6132,1
6133,2
6134,1
6135,0
6136,7
6137,8
6138,7
6139,19
6140,11
6141,12
6142,3
6143,1
6144,2
6145,0
6146,1
6147,1
6148,2
6149,2
6150,1
6151,7
6152,2
6153,0
6154,1
6155,3
6156,3
6157,8
6158,2
6159,13
6160,9
6161,1
6162,0
6163,3
6164,8
6165,0
6166,2
6167,3
6168,10
6169,1
6170,1
6171,1
6172,2
6173,3
6174,3
6175,0
6176,0
6177,0
6178,0
6179,4
6180,3
6181,1
6182,1
6183,32
6184,4
6185,3
6186,13
6187,4
6188,2
6189,1
6190,8
6191,19
6192,1
6193,1
6194,5
6195,2
6196,2
6197,7
6198,25
6199,3
6200,8
6201,2
6202,9
6203,3
6204,0
6205,2
6206,3
6207,9
6208,6
6209,2
6210,4
6211,6
6212,2
6213,0
6214,16
6215,4
6216,6
6217,13
6218,29
6219,25
6220,4
6221,22
6222,4
6223,7
6224,1
6225,40
6226,12
6227,4
6228,8
6229,2
6230,7
6231,2
6232,29
6233,2
6234,10
6235,8
6236,9
6237,5
6238,6
6239,0
6240,0
6241,1
6242,6
6243,0
6244,1
6245,16
6246,6
6247,4
6248,6
6249,0
6250,2
6251,2
6252,4
6253,6
6254,17
6255,18
6256,3
6257,6
6258,9
6259,2
6260,6
6261,7
6262,0
6263,2
6264,6
6265,4
6266,3
6267,1
6268,1
6269,5
6270,3
6271,3
6272,1
6273,6
6274,1
6275,3
6276,2
6277,5
6278,1
6279,2
6280,4
6281,0
6282,2
6283,1
6284,0
6285,7
6286,1
6287,1
6288,1
6289,4
6290,2
6291,8
6292,4
6293,2
6294,3
6295,36
6296,19
6297,0
6298,8
6299,3
6300,8
6301,6
6302,5
6303,2
6304,3
6305,1
6306,3
6307,0
6308,2
6309,9
6310,1
6311,0
6312,3
6313,1
6314,11
6315,1
6316,6
6317,6
6318,2
6319,6
6320,1
6321,2
6322,7
6323,4
6324,4
6325,13
6326,6
6327,10
6328,4
6329,9
6330,6
6331,4
6332,0
6333,1
6334,1
6335,2
6336,0
6337,2
6338,0
6339,2
6340,1
6341,1
6342,5
6343,1
6344,2
6345,0
6346,0
6347,6
6348,1
6349,1
6350,1
6351,4
6352,1
6353,2
6354,2
6355,2
6356,0
6357,1
6358,1
6359,3
6360,1
6361,2
6362,10
6363,8
6364,5
6365,11
6366,5
6367,4
6368,8
6369,0
6370,3
6371,69
6372,0
6373,4
6374,2
6375,1
6376,10
6377,1
6378,0
6379,3
6380,0
6381,3
6382,2
6383,4
6384,1
6385,2
6386,1
6387,4
6388,2
6389,3
6390,11
6391,5
6392,7
6393,2
6394,4
6395,11
6396,6
6397,4
6398,2
6399,2
6400,4
6401,1
6402,5
6403,6
6404,1
6405,10
6406,8
6407,9
6408,9
6409,1
6410,12
6411,0
6412,4
6413,1
6414,7
6415,15
6416,0
6417,1
6418,0
6419,1
6420,8
6421,7
6422,1
6423,1
6424,5
6425,11
6426,4
6427,11
6428,12
6429,4
6430,8
6431,2
6432,1
6433,5
6434,1
6435,2
6436,4
6437,2
6438,0
6439,13
6440,7
6441,2
6442,13
6443,1
6444,6
6445,32
6446,3
6447,4
6448,6
6449,7
6450,3
6451,6
6452,1
6453,2
6454,0
6455,1
6456,6
6457,1
6458,21
6459,57
6460,1
6461,1
6462,0
6463,0
6464,10
6465,10
6466,12
6467,3
6468,7
6469,3
6470,12
6471,0
6472,6
6473,9
6474,0
6475,6
6476,7
6477,10
6478,6
6479,2
6480,0
6481,13
6482,4
6483,6
6484,27
6485,20
6486,34
6487,24
6488,4
6489,32
6490,21
6491,23
6492,19
6493,5
6494,7
6495,5
6496,14
6497,2
6498,6
6499,10
6500,58
6501,19
6502,20
6503,4
6504,11
6505,8
6506,36
6507,29
6508,18
6509,9
6510,8
6511,9
6512,8
6513,6
6514,16
6515,14
6516,8
6517,8
6518,2
6519,4
6520,31
6521,8
6522,12
6523,6
6524,6
6525,21
6526,29
6527,16
6528,4
6529,15
6530,11
6531,2
6532,2
6533,10
6534,10
6535,30
6536,0
6537,16
6538,32
6539,36
6540,4
6541,8
6542,30
6543,10
6544,6
6545,14
6546,21
6547,37
6548,2
6549,18
6550,6
6551,9
6552,7
6553,1
6554,13
6555,14
6556,5
6557,16
6558,10
6559,0
6560,3
6561,16
6562,8
6563,27
6564,2
6565,4
6566,5
6567,31
6568,6
6569,6
6570,20
6571,2
6572,11
6573,24
6574,0
6575,23
6576,7
6577,5
6578,7
6579,8
6580,3
6581,12
6582,7
6583,4
6584,1
6585,3
6586,0
6587,3
6588,4
6589,3
6590,2
6591,0
6592,1
6593,0
6594,1
6595,1
6596,1
6597,5
6598,1
6599,2
6600,1
6601,1
6602,1
6603,48
6604,3
6605,5
6606,1
6607,15
6608,1
6609,4
6610,4
6611,2
6612,4
6613,0
6614,1
6615,9
6616,1
6617,2
6618,4
6619,1
6620,4
6621,1
6622,1
6623,0
6624,3
6625,0
6626,18
6627,6
6628,34
6629,5
6630,1
6631,4
6632,20
6633,51
6634,0
6635,4
6636,1
6637,2
6638,1
6639,2
6640,3
6641,3
6642,2
6643,1
6644,2
6645,5
6646,13
6647,1
6648,1
6649,7
6650,16
6651,3
6652,1
6653,6
6654,7
6655,10
6656,10
6657,3
6658,10
6659,15
6660,8
6661,10
6662,6
6663,5
6664,6
6665,29
6666,12
6667,10
6668,3
6669,5
6670,2
6671,23
6672,5
6673,14
6674,24
6675,10
6676,7
6677,6
6678,7
6679,6
6680,13
6681,18
6682,22
6683,1
6684,7
6685,7
6686,19
6687,1
6688,6
6689,7
6690,4
6691,7
6692,29
6693,12
6694,1
6695,3
6696,4
6697,9
6698,11
6699,6
6700,3
6701,1
6702,3
6703,3
6704,1
6705,3
6706,2
6707,11
6708,12
6709,10
6710,6
6711,5
6712,5
6713,4
6714,18
6715,37
6716,8
6717,42
6718,15
6719,8
6720,0
6721,6
6722,9
6723,3
6724,0
6725,1
6726,2
6727,2
6728,15
6729,6
6730,8
6731,0
6732,1
6733,0
6734,2
6735,26
6736,2
6737,40
6738,4
6739,1
6740,5
6741,1
6742,0
6743,1
6744,1
6745,7
6746,7
6747,5
6748,8
6749,1
6750,2
6751,1
6752,4
6753,1
6754,2
6755,3
6756,9
6757,4
6758,8
6759,8
6760,4
6761,5
6762,16
6763,14
6764,1
6765,3
6766,14
6767,16
6768,33
6769,13
6770,2
6771,0
6772,2
6773,0
6774,1
6775,0
6776,1
6777,1
6778,0
6779,1
6780,0
6781,3
6782,16
6783,3
6784,0
6785,3
6786,5
6787,0
6788,3
6789,7
6790,4
6791,0
6792,4
6793,2
6794,5
6795,3
6796,1
6797,0
6798,2
6799,0
6800,0
6801,10
6802,3
6803,5
6804,2
6805,3
6806,2
6807,11
6808,8
6809,8
6810,3
6811,1
6812,4
6813,0
6814,0
6815,2
6816,0
6817,0
6818,3
6819,2
6820,0
6821,16
6822,6
6823,1
6824,1
6825,6
6826,2
6827,10
6828,2
6829,4
6830,10
6831,7
6832,1
6833,0
6834,6
6835,3
6836,0
6837,6
6838,6
6839,1
6840,1
6841,0
6842,1
6843,2
6844,6
6845,0
6846,2
6847,0
6848,8
6849,1
6850,0
6851,1
6852,6
6853,2
6854,2
6855,2
6856,25
6857,32
6858,3
6859,14
6860,2
6861,5
6862,2
6863,30
6864,2
6865,1
6866,1
6867,1
6868,1
6869,0
6870,1
6871,3
6872,1
6873,3
6874,0
6875,0
6876,3
6877,0
6878,4
6879,1
6880,2
6881,2
6882,2
6883,5
6884,1
6885,5
6886,7
6887,2
6888,1
6889,2
6890,1
6891,6
6892,4
6893,1
6894,3
6895,0
6896,1
6897,0
6898,0
6899,1
6900,1
6901,0
6902,1
6903,0
6904,111
6905,20
6906,6
6907,15
6908,7
6909,1
6910,0
6911,2
6912,1
6913,3
6914,1
6915,1
6916,2
6917,1
6918,5
6919,1
6920,2
6921,1
6922,4
6923,1
6924,3
6925,2
6926,3
6927,1
6928,1
6929,1
6930,1
6931,2
6932,1
6933,2
6934,3
6935,4
6936,2
6937,0
6938,2
6939,2
6940,1
6941,2
6942,2
6943,2
6944,1
6945,0
6946,1
6947,3
6948,1
6949,0
6950,0
6951,2
6952,0
6953,42
6954,13
6955,28
6956,1
6957,1
6958,2
6959,3
6960,4
6961,5
6962,2
6963,1
6964,1
6965,0
6966,3
6967,3
6968,1
6969,1
6970,1
6971,0
6972,5
6973,29
6974,11
6975,12
6976,11
6977,7
6978,25
6979,7
6980,1
6981,3
6982,0
6983,1
6984,0
6985,0
6986,2
6987,3
6988,6
6989,8
6990,5
6991,1
6992,1
6993,0
6994,1
6995,6
6996,0
6997,5
6998,1
6999,1
7000,3
7001,4
7002,3
7003,1
7004,3
7005,4
7006,2
7007,5
7008,0
7009,7
7010,6
7011,6
7012,5
7013,1
7014,5
7015,7
7016,13
7017,1
7018,2
7019,0
7020,1
7021,1
7022,1
7023,3
7024,6
7025,1
7026,0
7027,1
7028,1
7029,4
7030,1
7031,0
7032,1
7033,4
7034,5
7035,3
7036,1
7037,2
7038,1
7039,5
7040,0
7041,4
7042,2
7043,19
7044,4
7045,2
7046,14
7047,4
7048,0
7049,7
7050,1
7051,1
7052,144
7053,27
7054,12
7055,6
7056,13
7057,2
7058,9
7059,1
7060,11
7061,6
7062,4
7063,3
7064,4
7065,15
7066,2
7067,5
7068,5
7069,11
7070,6
7071,6
7072,22
7073,8
7074,7
7075,9
7076,26
7077,9
7078,3
7079,0
7080,0
7081,3
7082,5
7083,14
7084,6
7085,6
7086,2
7087,4
7088,2
7089,7
7090,11
7091,0
7092,2
7093,3
7094,0
7095,1
7096,0
7097,5
7098,2
7099,1
7100,1
7101,8
7102,16
7103,24
7104,73
7105,2
7106,5
7107,15
7108,3
7109,0
7110,0
7111,1
7112,0
7113,1
7114,0
7115,1
7116,3
7117,0
7118,1
7119,1
7120,0
7121,3
7122,1
7123,0
7124,0
7125,4
7126,1
7127,0
7128,24
7129,1
7130,3
7131,1
7132,5
7133,0
7134,2
7135,1
7136,5
7137,5
7138,1
7139,1
7140,1
7141,29
7142,0
7143,0
7144,0
7145,3
7146,0
7147,3
7148,0
7149,34
7150,1
7151,1
7152,2
7153,2
7154,2
7155,5
7156,2
7157,2
7158,1
7159,0
7160,1
7161,2
7162,9
7163,0
7164,1
7165,7
7166,1
7167,3
7168,0
7169,1
7170,5
7171,1
7172,3
7173,1
7174,3
7175,2
7176,1
7177,1
7178,2
7179,6
7180,4
7181,0
7182,0
7183,36
7184,2
7185,1
7186,6
7187,0
7188,2
7189,7
7190,1
7191,10
7192,1
7193,0
7194,3
7195,2
7196,1
7197,3
7198,0
7199,2
7200,2
7201,8
7202,4
7203,1
7204,2
7205,2
7206,7
7207,1
7208,10
7209,18
7210,13
7211,5
7212,5
7213,6
7214,2
7215,59
7216,1
7217,0
7218,6
7219,24
7220,5
7221,5
7222,8
7223,15
7224,15
7225,1
7226,2
7227,0
7228,2
7229,1
7230,1
7231,1
7232,1
7233,4
7234,3
7235,4
7236,4
7237,5
7238,1
7239,3
7240,2
7241,5
7242,1
7243,7
7244,2
7245,1
7246,4
7247,0
7248,2
7249,2
7250,1
7251,0
7252,2
7253,0
7254,5
7255,0
7256,0
7257,5
7258,3
7259,0
7260,1
7261,2
7262,0
7263,1
7264,0
7265,2
7266,2
7267,1
7268,2
7269,1
7270,4
7271,2
7272,7
7273,1
7274,0
7275,0
7276,1
7277,0
7278,3
7279,3
7280,4
7281,1
7282,1
7283,0
7284,1
7285,4
7286,1
7287,1
7288,1
7289,1
7290,1
7291,2
7292,1
7293,5
7294,5
7295,1
7296,2
7297,1
7298,3
7299,1
7300,0
7301,1
7302,0
7303,0
7304,0
7305,1
7306,1
7307,2
7308,1
7309,1
7310,0
7311,1
7312,2
7313,0
7314,2
7315,1
7316,1
7317,0
7318,1
7319,2
7320,2
7321,5
7322,12
7323,1
7324,3
7325,7
7326,13
7327,4
7328,1
7329,1
7330,0
7331,5
7332,18
7333,4
7334,6
7335,5
7336,5
7337,25
7338,21
7339,10
7340,8
7341,20
7342,35
7343,3
7344,8
7345,5
7346,1
7347,2
7348,21
7349,4
7350,5
7351,1
7352,2
7353,4
7354,2
7355,0
7356,2
7357,0
7358,0
7359,4
7360,0
7361,1
7362,5
7363,1
7364,3
7365,14
7366,1
7367,1
7368,2
7369,2
7370,2
7371,0
7372,7
7373,0
7374,1
7375,3
7376,2
7377,2
7378,2
7379,6
7380,6
7381,4
7382,2
7383,5
7384,16
7385,3
7386,3
7387,12
7388,4
7389,26
7390,4
7391,1
7392,23
7393,9
7394,41
7395,23
7396,5
7397,9
7398,12
7399,9
7400,2
7401,0
7402,17
7403,7
7404,7
7405,5
7406,3
7407,0
7408,14
7409,0
7410,1
7411,3
7412,22
7413,5
7414,15
7415,34
7416,7
7417,4
7418,7
7419,10
7420,0
7421,24
7422,5
7423,1
7424,0
7425,1
7426,5
7427,2
7428,2
7429,2
7430,1
7431,0
7432,0
7433,1
7434,0
7435,0
7436,5
7437,7
7438,1
7439,6
7440,5
7441,4
7442,17
7443,4
7444,7
7445,4
7446,1
7447,0
7448,4
7449,4
7450,3
7451,7
7452,2
7453,1
7454,1
7455,4
7456,1
7457,0
7458,1
7459,4
7460,0
7461,7
7462,8
7463,2
7464,4
7465,1
7466,9
7467,1
7468,0
7469,1
7470,30
7471,1
7472,0
7473,3
7474,13
7475,8
7476,2
7477,1
7478,0
7479,1
7480,6
7481,1
7482,17
7483,6
7484,14
7485,3
7486,2
7487,8
7488,0
7489,4
7490,5
7491,3
7492,1
7493,7
7494,5
7495,4
7496,0
7497,6
7498,3
7499,5
7500,0
7501,10
7502,1
7503,4
7504,0
7505,0
7506,2
7507,0
7508,1
7509,0
7510,2
7511,0
7512,1
7513,2
7514,2
7515,1
7516,0
7517,1
7518,4
7519,2
7520,4
7521,2
7522,1
7523,1
7524,0
7525,3
7526,0
7527,1
7528,13
7529,14
7530,40
7531,3
7532,38
7533,27
7534,5
7535,14
7536,11
7537,1
7538,2
7539,1
7540,5
7541,19
7542,9
7543,5
7544,12
7545,3
7546,13
7547,0
7548,9
7549,19
7550,13
7551,2
7552,3
7553,22
7554,4
7555,22
7556,4
7557,5
7558,1
7559,2
7560,3
7561,19
7562,5
7563,50
7564,4
7565,6
7566,93
7567,13
7568,8
7569,1
7570,1
7571,0
7572,8
7573,1
7574,0
7575,1
7576,0
7577,2
7578,22
7579,1
7580,7
7581,1
7582,1
7583,0
7584,3
7585,3
7586,0
7587,0
7588,2
7589,3
7590,1
7591,13
7592,7
7593,3
7594,9
7595,1
7596,7
7597,9
7598,8
7599,2
7600,1
7601,6
7602,10
7603,1
7604,2
7605,2
7606,4
7607,20
7608,3
7609,0
7610,7
7611,2
7612,1
7613,1
7614,1
7615,1
7616,1
7617,1
7618,15
7619,15
7620,1
7621,4
7622,2
7623,16
7624,3
7625,8
7626,12
7627,2
7628,25
7629,0
7630,1
7631,1
7632,1
7633,1
7634,1
7635,1
7636,1
7637,5
7638,0
7639,0
7640,0
7641,0
7642,7
7643,16
7644,5
7645,1
7646,1
7647,1
7648,2
7649,0
7650,4
7651,2
7652,1
7653,0
7654,2
7655,0
7656,1
7657,18
7658,3
7659,24
7660,3
7661,0
7662,0
7663,1
7664,2
7665,2
7666,1
7667,23
7668,3
7669,7
7670,0
7671,2
7672,2
7673,4
7674,0
7675,4
7676,2
7677,1
7678,0
7679,3
7680,0
7681,8
7682,2
7683,0
7684,0
7685,0
7686,4
7687,0
7688,1
7689,0
7690,1
7691,4
7692,0
7693,8
7694,9
7695,4
7696,1
7697,0
7698,2
7699,0
7700,0
7701,3
7702,5
7703,2
7704,0
7705,2
7706,1
7707,1
7708,1
7709,1
7710,10
7711,8
7712,0
7713,1
7714,3
7715,1
7716,0
7717,1
7718,22
7719,7
7720,4
7721,1
7722,4
7723,1
7724,4
7725,0
7726,1
7727,1
7728,1
7729,0
7730,1
7731,7
7732,2
7733,1
7734,12
7735,6
7736,5
7737,7
7738,1
7739,2
7740,1
7741,5
7742,0
7743,0
7744,7
7745,0
7746,2
7747,3
7748,0
7749,0
7750,6
7751,0
7752,6
7753,2
7754,1
7755,2
7756,12
7757,1
7758,2
7759,1
7760,1
7761,1
7762,2
7763,1
7764,2
7765,1
7766,3
7767,3
7768,4
7769,4
7770,2
7771,1
7772,8
7773,1
7774,0
7775,2
7776,3
7777,11
7778,14
7779,1
7780,1
7781,1
7782,3
7783,7
7784,2
7785,4
7786,1
7787,3
7788,4
7789,17
7790,9
7791,1
7792,4
7793,1
7794,2
7795,7
7796,1
7797,11
7798,1
7799,0
7800,1
7801,2
7802,3
7803,0
7804,1
7805,1
7806,2
7807,2
7808,5
7809,0
7810,5
7811,7
7812,3
7813,3
7814,27
7815,2
7816,3
7817,1
7818,0
7819,40
7820,0
7821,1
7822,61
7823,13
7824,8
7825,11
7826,11
7827,1
7828,1
7829,2
7830,1
7831,1
7832,0
7833,0
7834,0
7835,3
7836,1
7837,1
7838,2
7839,1
7840,16
7841,20
7842,23
7843,15
7844,4
7845,20
7846,7
7847,22
7848,0
7849,0
7850,1
7851,1
7852,1
7853,15
7854,7
7855,1
7856,3
7857,4
7858,17
7859,11
7860,13
7861,10
7862,16
7863,0
7864,25
7865,5
7866,10
7867,24
7868,4
7869,4
7870,5
7871,4
7872,10
7873,5
7874,3
7875,2
7876,0
7877,3
7878,5
7879,4
7880,2
7881,1
7882,14
7883,2
7884,4
7885,0
7886,1
7887,0
7888,1
7889,3
7890,2
7891,2
7892,2
7893,1
7894,1
7895,1
7896,0
7897,0
7898,1
7899,1
7900,4
7901,2
7902,0
7903,9
7904,0
7905,5
7906,3
7907,2
7908,3
7909,3
7910,5
7911,19
7912,29
7913,6
7914,1
7915,1
7916,2
7917,2
7918,27
7919,6
7920,2
7921,0
7922,20
7923,9
7924,4
7925,3
7926,0
7927,6
7928,1
7929,7
7930,0
7931,3
7932,1
7933,9
7934,7
7935,2
7936,6
7937,1
7938,4
7939,9
7940,2
7941,2
7942,11
7943,2
7944,3
7945,20
7946,21
7947,21
7948,18
7949,5
7950,3
7951,0
7952,5
7953,0
7954,5
7955,0
7956,12
7957,5
7958,2
7959,6
7960,8
7961,3
7962,2
7963,5
7964,3
7965,1
7966,1
7967,1
7968,4
7969,4
7970,1
7971,5
7972,0
7973,1
7974,1
7975,14
7976,2
7977,1
7978,2
7979,0
7980,2
7981,3
7982,6
7983,3
7984,15
7985,1
7986,4
7987,9
7988,1
7989,4
7990,1
7991,9
7992,1
7993,2
7994,0
7995,6
7996,6
7997,4
7998,1
7999,5
8000,3
8001,1
8002,2
8003,1
8004,1
8005,3
8006,4
8007,2
8008,0
8009,4
8010,2
8011,0
8012,2
8013,3
8014,4
8015,1
8016,0
8017,5
8018,4
8019,4
8020,6
8021,27
8022,1
8023,0
8024,5
8025,2
8026,2
8027,0
8028,0
8029,3
8030,1
8031,1
8032,0
8033,6
8034,3
8035,15
8036,1
8037,6
8038,2
8039,2
8040,0
8041,1
8042,0
8043,2
8044,0
8045,2
8046,1
8047,0
8048,2
8049,1
8050,0
8051,4
8052,0
8053,1
8054,1
8055,3
8056,1
8057,3
8058,1
8059,4
8060,3
8061,7
8062,1
8063,3
8064,4
8065,6
8066,1
8067,0
8068,2
8069,2
8070,1
8071,2
8072,0
8073,1
8074,0
8075,3
8076,3
8077,5
8078,9
8079,12
8080,0
8081,12
8082,1
8083,1
8084,3
8085,6
8086,2
8087,2
8088,1
8089,0
8090,1
8091,1
8092,7
8093,3
8094,1
8095,1
8096,2
8097,1
8098,1
8099,1
8100,2
8101,1
8102,0
8103,4
8104,1
8105,1
8106,4
8107,1
8108,7
8109,3
8110,4
8111,1
8112,0
8113,1
8114,4
8115,0
8116,0
8117,10
8118,7
8119,0
8120,3
8121,2
8122,2
8123,4
8124,1
8125,1
8126,2
8127,5
8128,3
8129,2
8130,0
8131,2
8132,8
8133,6
8134,4
8135,0
8136,0
8137,1
8138,1
8139,2
8140,0
8141,0
8142,1
8143,0
8144,1
8145,1
8146,1
8147,3
8148,5
8149,0
8150,0
8151,1
8152,2
8153,0
8154,0
8155,6
8156,1
8157,2
8158,1
8159,2
8160,0
8161,0
8162,1
8163,11
8164,2
8165,1
8166,9
8167,3
8168,3
8169,4
8170,0
8171,1
8172,1
8173,0
8174,0
8175,1
8176,0
8177,1
8178,1
8179,1
8180,0
8181,0
8182,1
8183,1
8184,30
8185,4
8186,0
8187,0
8188,1
8189,7
8190,4
8191,1
8192,1
8193,1
8194,1
8195,3
8196,3
8197,2
8198,0
8199,5
8200,2
8201,0
8202,0
8203,1
8204,2
8205,1
8206,4
8207,0
8208,3
8209,1
8210,1
8211,1
8212,0
8213,2
8214,3
8215,5
8216,1
8217,2
8218,1
8219,5
8220,3
8221,0
8222,1
8223,2
8224,4
8225,4
8226,6
8227,1
8228,2
8229,5
8230,1
8231,33
8232,1
8233,5
8234,1
8235,1
8236,0
8237,1
8238,2
8239,7
8240,2
8241,2
8242,4
8243,12
8244,15
8245,35
8246,1
8247,1
8248,0
8249,1
8250,3
8251,1
8252,0
8253,1
8254,4
8255,0
8256,0
8257,0
8258,6
8259,0
8260,5
8261,2
8262,1
8263,1
8264,2
8265,5
8266,0
8267,2
8268,3
8269,16
8270,1
8271,1
8272,1
8273,1
8274,2
8275,2
8276,5
8277,15
8278,1
8279,5
8280,16
8281,9
8282,1
8283,2
8284,3
8285,6
8286,2
8287,2
8288,1
8289,1
8290,4
8291,1
8292,0
8293,1
8294,0
8295,1
8296,0
8297,1
8298,3
8299,0
8300,3
8301,1
8302,1
8303,1
8304,5
8305,9
8306,1
8307,1
8308,47
8309,0
8310,1
8311,4
8312,5
8313,1
8314,0
8315,1
8316,1
8317,2
8318,1
8319,5
8320,4
8321,2
8322,4
8323,4
8324,1
8325,1
8326,2
8327,0
8328,2
8329,3
8330,6
8331,1
8332,22
8333,1
8334,11
8335,1
8336,1
8337,6
8338,5
8339,0
8340,0
8341,2
8342,5
8343,6
8344,3
8345,4
8346,2
8347,1
